{"suites":[{"id":2,"title":"Login","description":null,"preconditions":"1. Open https://mail.tm/en/.","suites":[],"cases":[{"id":5,"title":"login with valid input data","description":"Possible to login with valid credentials","preconditions":"1. Copy automatically generated email and password.\n2. Click on 'Account logo' element.\n3. Click on 'Login'.\n    Result: 'Login to your account' modal window appears.","postconditions":null,"priority":"high","severity":"major","type":"smoke","behavior":"undefined","automation":"is-not-automated","status":"actual","is_flaky":"no","layer":"e2e","milestone":null,"custom_fields":[],"steps_type":"classic","steps":[{"position":1,"action":"Complete all fields with copied data from pre-conditions 1 and click on 'Login' button.","expected_result":"The mailbox name is shown in the upper-left corner, the message \"You are signed in as \\<Username>@eurokool.com\" appears in the drop-down list of 'Account logo'. See example in Attachments.","data":"","steps":[]}],"tags":[],"params":[]},{"id":6,"title":"log in with invalid input data","description":"Impossible to login with invalid username or/ and password","preconditions":"1. Coppy automatically generated email and password.\n2. Click on 'Account logo' element.\n3. Click on 'Login'.\n    Result: 'Login to your account' modal window appears.","postconditions":null,"priority":"medium","severity":"normal","type":"regression","behavior":"undefined","automation":"is-not-automated","status":"actual","is_flaky":"no","layer":"e2e","milestone":null,"custom_fields":[],"steps_type":"classic","steps":[{"position":1,"action":"complete fields from parameters 'Invalid fields' with test data. Other fields complete with any valid values (from pre-conditions) and click 'Login' button.","expected_result":"An alert message 'Error: Invalid credentials' appears.","data":"Invalid data:\nEmail: Ol[]#<>@eurokool.com\nPassword: { }","steps":[]}],"tags":[],"params":[{"title":"Invalid fields","values":["Email","Password","both fields"]}]},{"id":7,"title":"log in with empty fields","description":"Impossible to login with one or both fields empty.","preconditions":"1. Copy automatically generated email and password.\n2. Click on 'Account logo' element.\n3. Click on 'Login'.\n    Result: 'Login to your account' modal window appears.","postconditions":null,"priority":"medium","severity":"normal","type":"regression","behavior":"undefined","automation":"is-not-automated","status":"actual","is_flaky":"no","layer":"e2e","milestone":null,"custom_fields":[],"steps_type":"classic","steps":[{"position":1,"action":"Leave field(s) from parameters 'Empty fields' empty, other fields complete with any valid values (see test data) and click on 'Login' button.","expected_result":"An alert message 'Password is not valid' or/ and 'E-mail is not valid' appears.","data":"use copied email and password from test pre-conditions 1","steps":[]}],"tags":[],"params":[{"title":"Empty fields","values":["Email","Password","both fields"]}]},{"id":8,"title":"login with deleted data","description":"Impossible to log in with deleted account data","preconditions":"1. Copy automatically generated email and password.\n2. Delete the account from test pre-conditions 1 by clicking 'Delete account' element in drop-down list of 'Account logo'.\n    Result: Alert message appears: 'Are you sure you want to delete your account? All your data will be permanently deleted'.\n3. Click 'Delete' button.\n    Result: New account is generated automatically","postconditions":null,"priority":"medium","severity":"normal","type":"regression","behavior":"undefined","automation":"is-not-automated","status":"actual","is_flaky":"no","layer":"e2e","milestone":null,"custom_fields":[],"steps_type":"classic","steps":[{"position":1,"action":"Click on 'Account logo' and choose 'Login' element.","expected_result":"'Log in to your account' modal window appears","data":"","steps":[]},{"position":2,"action":"Complete 'Email' and 'Password' fields with test data.","expected_result":"An alert message 'Error: This account no longer exists' appears. See example in Attachments.","data":"use copied email and password from test pre-conditions 1","steps":[]}],"tags":[],"params":[]}]}]}