{"suites":[{"id":1,"title":"A new account creation","description":null,"preconditions":"open mail.tm page","suites":[],"cases":[{"id":1,"title":"create new account with valid input data","description":"It is possible to create an account with all valid input data","preconditions":"1. Click on 'Account logo' element. (see Attachments)\n2. Click on 'Create an account' option.\n    Result: 'Create an account' modal window with empty fields opens.","postconditions":null,"priority":"high","severity":"major","type":"smoke","behavior":"undefined","automation":"is-not-automated","status":"actual","is_flaky":"no","layer":"e2e","milestone":null,"custom_fields":[],"steps_type":"classic","steps":[{"position":1,"action":"Complete the 'Username' and 'Password' fields with Usermane and Password from parameters and click on the button 'Create'.","expected_result":"An email is shown in the upper left corner, the message \"You are signed in as \\<Username>@eurokool.com\" appears in 'Account logo' drop-down menu. See example in Attachments.","data":"","steps":[]}],"tags":[],"params":[{"title":"Username","values":["test9876","1234567","TestQA"]},{"title":"Password","values":["12345678","testtest","Test12345#"]}]},{"id":2,"title":"create account with invalid username","description":"impossible to create an account with invalid username","preconditions":"1. Click on 'Account logo' element.\n2. Click on 'Create an account' option in a drop-down list.\n    Result: 'Create an account' modal window with empty fields appears.","postconditions":null,"priority":"medium","severity":"normal","type":"regression","behavior":"undefined","automation":"is-not-automated","status":"actual","is_flaky":"no","layer":"e2e","milestone":null,"custom_fields":[],"steps_type":"classic","steps":[{"position":1,"action":"Fill 'Username' and 'Password' fields with data from parameters and click on 'Create' button.","expected_result":"Alert message: \"Error: address: This value is not a valid email address.\" See an Attachments.","data":"","steps":[]}],"tags":[],"params":[{"title":"username","values":["test@","[]{}@#"]},{"title":"password","values":["11111"]}]},{"id":3,"title":"create an account with empty fields","description":"impossible to create account with one or both fields empty","preconditions":"1. Click on 'Account logo' element.\n2. Click on 'Create an account' option.\n    Result: 'Create an account' modal window with empty fields appears.","postconditions":null,"priority":"medium","severity":"normal","type":"regression","behavior":"undefined","automation":"is-not-automated","status":"actual","is_flaky":"no","layer":"e2e","milestone":null,"custom_fields":[],"steps_type":"classic","steps":[{"position":1,"action":"Leave field(s) from parameter 'Empty fields' empty, other fields complete with any valid values.","expected_result":"An alert message appears: 'Username is not valid'/'Password is not valid'. See Attachments.","data":"","steps":[]}],"tags":[],"params":[{"title":"Empty fields","values":["Username","Password","both fields"]}]},{"id":4,"title":"create account with deleted account input data","description":"Possible to create a new account with deleted account input data","preconditions":"1. Click on 'Account logo' element.\n2. Click on 'Create an account' option.\n\nResult: 'Create an account' modal window with empty fields appears.\n3\\. Create an account and copy email and password\\.\n4\\. Delete created account from pre\\-condition 3 by clicking on 'Delete' button in 'Account logo' drop\\-down list\\.\n5\\. Repeat step 1 and 2 from pre\\-conditions\\.","postconditions":null,"priority":"high","severity":"major","type":"smoke","behavior":"undefined","automation":"is-not-automated","status":"actual","is_flaky":"no","layer":"e2e","milestone":null,"custom_fields":[],"steps_type":"classic","steps":[{"position":1,"action":"Complete fields 'Username' and 'Password' with test data.","expected_result":"An email is shown in the upper left corner, the message \"You are signed in as \\<Username>@eurokool.com\" appears in the drop-down list of 'Account logo'. See example in Attachments.","data":"Use copied email and password from pre-conditions 3.","steps":[]}],"tags":[],"params":[]},{"id":13,"title":"delete an account","description":"Possible to delete an existing account","preconditions":"Copy automatically generated email and password from 'Account logo' drop-down list. See Attachments below.","postconditions":null,"priority":"high","severity":"major","type":"smoke","behavior":"undefined","automation":"is-not-automated","status":"actual","is_flaky":"no","layer":"e2e","milestone":null,"custom_fields":[],"steps_type":"classic","steps":[{"position":1,"action":"click 'Delete account' button","expected_result":"An alert window with a message appears: 'Are you sure you want to delete your account? All your data will be permanently deleted.' and two buttons below the message: Cancel/ Delete. See the Attachments.","data":"","steps":[]},{"position":2,"action":"click 'Delete' button","expected_result":"Account is deleted and the system generates a new temporary account","data":"","steps":[]},{"position":3,"action":"Click on 'Login' in a drop-down list","expected_result":"'Log in to your account' modal window appears","data":"","steps":[]},{"position":4,"action":"complete the fields with test data and click 'Login' button","expected_result":"An alert message appears: 'Error: This account no longer exists.' See example in Attachments.","data":"use copied email and password from test pre-conditions","steps":[]}],"tags":[],"params":[]}]}]}