{"suites":[{"id":6,"title":"API tests","description":null,"preconditions":"`basePath = https://api.mail.tm`","suites":[],"cases":[{"id":18,"title":"POST /accounts Status 201 Created","description":"Possible to create a new account with POST method","preconditions":"copy request URL from API documentation","postconditions":null,"priority":"high","severity":"major","type":"smoke","behavior":"undefined","automation":"is-not-automated","status":"actual","is_flaky":"no","layer":"api","milestone":null,"custom_fields":[],"steps_type":"classic","steps":[{"position":1,"action":"POST`/`accounts\n**Body (example)**: {\"address\":\"hoho765@eurokool.com\",\n\u00a0\"password\":\"12345\"}","expected_result":"**Status 201 Created**. \nResponse (example):\n{\n \"@context\": \"/contexts/Account\",\n \"@id\": \"/accounts/6408cc6a20d43d390709e898\",\n \"@type\": \"Account\",\n \"id\": \"6408cc6a20d43d390709e898\",\n \"address\": \"hoho7185@eurokool.com\",\n \"quota\": 40000000,\n \"used\": 0,\n \"isDisabled\": false,\n \"isDeleted\": false,\n \"createdAt\": \"2023-03-08T17:56:58+00:00\",\n \"updatedAt\": \"2023-03-08T17:56:58+00:00\"\n}","data":"","steps":[]}],"tags":[],"params":[]},{"id":19,"title":"POST /accounts Status 422 Unprocessable Entity","description":"impossible to create account with invalid data","preconditions":"copy request URL from API documentation","postconditions":null,"priority":"medium","severity":"normal","type":"regression","behavior":"undefined","automation":"is-not-automated","status":"actual","is_flaky":"no","layer":"api","milestone":null,"custom_fields":[],"steps_type":"classic","steps":[{"position":1,"action":"POST`/`accounts\n**Body (example)**: {\"address\":\"@eurokoon.com\",\n\u00a0\"password\":\"12345\" }\nBody can be changed.","expected_result":"**Status 422 Unprocessable Entity.** Response (example):\n{\n\u00a0\u00a0\u00a0\u00a0\"@context\":\u00a0\"/contexts/ConstraintViolationList\",\n\u00a0\u00a0\u00a0\u00a0\"@type\":\u00a0\"ConstraintViolationList\",\n\u00a0\u00a0\u00a0\u00a0\"hydra:title\":\u00a0\"An\u00a0error\u00a0occurred\",\n\u00a0\u00a0\u00a0\u00a0\"hydra:description\":\u00a0\"address:\u00a0This\u00a0value\u00a0is\u00a0not\u00a0a\u00a0valid\u00a0email\u00a0address.\",\n\u00a0\u00a0\u00a0\u00a0\"violations\":\u00a0[\n\u00a0\u00a0\u00a0\u00a0\u00a0\u00a0\u00a0\u00a0{\n\u00a0\u00a0\u00a0\u00a0\u00a0\u00a0\u00a0\u00a0\u00a0\u00a0\u00a0\u00a0\"propertyPath\":\u00a0\"address\",\n\u00a0\u00a0\u00a0\u00a0\u00a0\u00a0\u00a0\u00a0\u00a0\u00a0\u00a0\u00a0\"message\":\u00a0\"This\u00a0value\u00a0is\u00a0not\u00a0a\u00a0valid\u00a0email\u00a0address.\",\n\u00a0\u00a0\u00a0\u00a0\u00a0\u00a0\u00a0\u00a0\u00a0\u00a0\u00a0\u00a0\"code\":\u00a0\"bd79c0ab-ddba-46cc-a703-a7a4b08de310\"\n\u00a0\u00a0\u00a0\u00a0\u00a0\u00a0\u00a0\u00a0}\n\u00a0\u00a0\u00a0\u00a0]\n}","data":"","steps":[]}],"tags":[],"params":[]},{"id":20,"title":"GET/ domains Status 200 OK","description":"possible to get a domain or a list of domains","preconditions":"1. copy request URL from API documentation on https://docs.mail.tm/\n2. add to headers **Authorization : Bearer \\<token>**","postconditions":null,"priority":"high","severity":"major","type":"smoke","behavior":"undefined","automation":"is-not-automated","status":"actual","is_flaky":"no","layer":"api","milestone":null,"custom_fields":[],"steps_type":"classic","steps":[{"position":1,"action":"GET/ domains","expected_result":"","data":"","steps":[]},{"position":2,"action":"Add test data as request parameters. Request params can be changed.","expected_result":"**Status 200 OK.** Response (example):\n{\n\"@context\": \"/contexts/Domain\",\n\"@id\": \"/domains\",\n\"@type\": \"hydra:Collection\",\n\"hydra:member\": [\n{\n\"@id\": \"/domains/63d9a7067f7658e92f217bdd\",\n\"@type\": \"Domain\",\n\"id\": \"63d9a7067f7658e92f217bdd\",\n\"domain\": \"eurokool.com\",\n\"isActive\": true,\n\"isPrivate\": false,\n\"createdAt\": \"2023-02-01T00:00:00+00:00\",\n\"updatedAt\": \"2023-02-01T00:00:00+00:00\"\n}\n],\n\"hydra:totalItems\": 1\n}","data":"page : 1","steps":[]}],"tags":[],"params":[]},{"id":21,"title":"GET/ domains Status 400 Bad Request","description":"impossible to find domain with invalid Params","preconditions":"1. copy request URL from API documentation on https://docs.mail.tm/\n2. add to headers **Authorization : Bearer \\<token>**","postconditions":null,"priority":"medium","severity":"major","type":"smoke","behavior":"undefined","automation":"is-not-automated","status":"actual","is_flaky":"no","layer":"api","milestone":null,"custom_fields":[],"steps_type":"classic","steps":[{"position":1,"action":"GET /domains","expected_result":"","data":"","steps":[]},{"position":2,"action":"Add test data as request parameters. Request params can be changed.","expected_result":"**Status 400 Bad Request.**\nResponse (example):\n{\n\u00a0\u00a0\u00a0\u00a0\"@context\":\u00a0\"/contexts/Error\",\n\u00a0\u00a0\u00a0\u00a0\"@type\":\u00a0\"hydra:Error\",\n\u00a0\u00a0\u00a0\u00a0\"hydra:title\":\u00a0\"An\u00a0error\u00a0occurred\",\n\u00a0\u00a0\u00a0\u00a0\"hydra:description\":\u00a0\"Page\u00a0should\u00a0not\u00a0be\u00a0less\u00a0than\u00a01\"\n}","data":"page : 0","steps":[]}],"tags":[],"params":[]},{"id":22,"title":"GET/ domain/{id} Status 200 OK","description":"possible to retrieve a domain by its id","preconditions":"1. copy request URL from API documentation on https://docs.mail.tm/\n2. add to headers **Authorization : Bearer \\<token>**","postconditions":null,"priority":"high","severity":"major","type":"smoke","behavior":"undefined","automation":"is-not-automated","status":"actual","is_flaky":"no","layer":"api","milestone":null,"custom_fields":[],"steps_type":"classic","steps":[{"position":1,"action":"GET/domains/:id","expected_result":"","data":"","steps":[]},{"position":2,"action":"Add test data as request parameters. Request params can be changed.","expected_result":"**Status 200 OK. Response (example):**\n{\n\"@context\": \"/contexts/Domain\",\n\"@id\": \"/domains\",\n\"@type\": \"hydra:Collection\",\n\"hydra:member\": [\n{\n\"@id\": \"/domains/63d9a7067f7658e92f217bdd\",\n\"@type\": \"Domain\",\n\"id\": \"63d9a7067f7658e92f217bdd\",\n\"domain\": \"eurokool.com\",\n\"isActive\": true,\n\"isPrivate\": false,\n\"createdAt\": \"2023-02-01T00:00:00+00:00\",\n\"updatedAt\": \"2023-02-01T00:00:00+00:00\"\n}\n],\n\"hydra:totalItems\": 1,\n\"hydra:view\": {\n\"@id\": \"/domains?id=%40uerokool.com\",\n\"@type\": \"hydra:PartialCollectionView\"\n}\n}","data":"**id** : @uerokool.com","steps":[]}],"tags":[],"params":[]},{"id":23,"title":"GET/ domains/{id} Status 404 Not Found","description":"impossible to retrieve a domain by invalid id","preconditions":"1. copy request URL from API documentation on https://docs.mail.tm/\n2. add to headers **Authorization : Bearer \\<token>**","postconditions":null,"priority":"medium","severity":"major","type":"smoke","behavior":"undefined","automation":"is-not-automated","status":"actual","is_flaky":"no","layer":"api","milestone":null,"custom_fields":[],"steps_type":"classic","steps":[{"position":1,"action":"GET/ domains/:id","expected_result":"","data":"","steps":[]},{"position":2,"action":"Add test data as request parameters. Request params can be changed.","expected_result":"Status 404 Not Found. Response (example):\n{\n\u00a0\u00a0\u00a0\u00a0\"type\":\u00a0\"https://tools.ietf.org/html/rfc2616#section-10\",\n\u00a0\u00a0\u00a0\u00a0\"title\":\u00a0\"An\u00a0error\u00a0occurred\",\n\u00a0\u00a0\u00a0\u00a0\"detail\":\u00a0\"Format\u00a0\\\\\"eu\\\\\"\u00a0is\u00a0not\u00a0supported\"\n}","data":"**id** : @eurokool.eu","steps":[]}],"tags":[],"params":[]},{"id":24,"title":"GET/ accounts/{id} Status 200 OK","description":"possible to get an account resource by its id","preconditions":"1. copy request URL from API documentation on https://docs.mail.tm/\n2. add to headers **Authorization : Bearer \\<token>**","postconditions":null,"priority":"high","severity":"major","type":"smoke","behavior":"undefined","automation":"is-not-automated","status":"actual","is_flaky":"no","layer":"api","milestone":null,"custom_fields":[],"steps_type":"classic","steps":[{"position":1,"action":"GET/ accounts/:id","expected_result":"","data":"","steps":[]},{"position":2,"action":"Add test data as request parameters. Request params can be changed.","expected_result":"**Status 200 OK.** Response (example):\n{\n\"@context\": \"/contexts/Account\",\n\"@id\": \"/accounts/63f8d6662ff9c7ad6e0aa204\",\n\"@type\": \"Account\",\n\"id\": \"63f8d6662ff9c7ad6e0aa204\",\n\"address\": \"helga876a@eurokool.com\",\n\"quota\": 40000000,\n\"used\": 1729,\n\"isDisabled\": false,\n\"isDeleted\": false,\n\"createdAt\": \"2023-02-24T15:23:18+00:00\",\n\"updatedAt\": \"2023-02-24T15:23:18+00:00\"\n}","data":"**id** : 63f8d6662ff9c7ad6e0aa204","steps":[]}],"tags":[],"params":[]},{"id":25,"title":"GET /accounts/{id} Status 404 Not Found","description":"impossible to get an account resource with incorrect Authorization type","preconditions":"1. copy request URL from API documentation on https://docs.mail.tm/\n2. add to headers **Authorization : Bearer \\<token>**","postconditions":null,"priority":"medium","severity":"major","type":"smoke","behavior":"undefined","automation":"is-not-automated","status":"actual","is_flaky":"no","layer":"api","milestone":null,"custom_fields":[],"steps_type":"classic","steps":[{"position":1,"action":"GET /accounts/:id","expected_result":"","data":"","steps":[]},{"position":2,"action":"Add test data as request parameters. Request params can be changed.","expected_result":"**Status 404 Not Found.** Response (example):\n<!DOCTYPE\u00a0html>\n\\<html>\n\n<br>\n\\<head>\n\u00a0\u00a0\u00a0\u00a0\\<meta\u00a0charset=\"UTF-8\"\u00a0/>\n\u00a0\u00a0\u00a0\u00a0\\<meta\u00a0name=\"robots\"\u00a0content=\"noindex,nofollow,noarchive\"\u00a0/>\n\u00a0\u00a0\u00a0\u00a0\\<title>An\u00a0Error\u00a0Occurred:\u00a0Not\u00a0Found\\</title>\n\u00a0\u00a0\u00a0\u00a0\\<style>\n\u00a0\u00a0\u00a0\u00a0\u00a0\u00a0\u00a0\u00a0body\u00a0{\n\u00a0\u00a0\u00a0\u00a0\u00a0\u00a0\u00a0\u00a0\u00a0\u00a0\u00a0\u00a0background-color:\u00a0#fff;\n\u00a0\u00a0\u00a0\u00a0\u00a0\u00a0\u00a0\u00a0\u00a0\u00a0\u00a0\u00a0color:\u00a0#222;\n\u00a0\u00a0\u00a0\u00a0\u00a0\u00a0\u00a0\u00a0\u00a0\u00a0\u00a0\u00a0font:\u00a016px/1.5\u00a0-apple-system,\u00a0BlinkMacSystemFont,\u00a0\"Segoe\u00a0UI\",\u00a0Roboto,\u00a0\"Helvetica\u00a0Neue\",\u00a0Arial,\u00a0sans-serif;\n\u00a0\u00a0\u00a0\u00a0\u00a0\u00a0\u00a0\u00a0\u00a0\u00a0\u00a0\u00a0margin:\u00a00;\n\u00a0\u00a0\u00a0\u00a0\u00a0\u00a0\u00a0\u00a0}\n\n<br>\n\u00a0\u00a0\u00a0\u00a0\u00a0\u00a0\u00a0\u00a0.container\u00a0{\n\u00a0\u00a0\u00a0\u00a0\u00a0\u00a0\u00a0\u00a0\u00a0\u00a0\u00a0\u00a0margin:\u00a030px;\n\u00a0\u00a0\u00a0\u00a0\u00a0\u00a0\u00a0\u00a0\u00a0\u00a0\u00a0\u00a0max-width:\u00a0600px;\n\u00a0\u00a0\u00a0\u00a0\u00a0\u00a0\u00a0\u00a0}\n\n<br>\n\u00a0\u00a0\u00a0\u00a0\u00a0\u00a0\u00a0\u00a0h1\u00a0{\n\u00a0\u00a0\u00a0\u00a0\u00a0\u00a0\u00a0\u00a0\u00a0\u00a0\u00a0\u00a0color:\u00a0#dc3545;\n\u00a0\u00a0\u00a0\u00a0\u00a0\u00a0\u00a0\u00a0\u00a0\u00a0\u00a0\u00a0font-size:\u00a024px;\n\u00a0\u00a0\u00a0\u00a0\u00a0\u00a0\u00a0\u00a0}\n\n<br>\n\u00a0\u00a0\u00a0\u00a0\u00a0\u00a0\u00a0\u00a0h2\u00a0{\n\u00a0\u00a0\u00a0\u00a0\u00a0\u00a0\u00a0\u00a0\u00a0\u00a0\u00a0\u00a0font-size:\u00a018px;\n\u00a0\u00a0\u00a0\u00a0\u00a0\u00a0\u00a0\u00a0}\n\u00a0\u00a0\u00a0\u00a0\\</style>\n\\</head>\n\n<br>\n\\<body>\n\u00a0\u00a0\u00a0\u00a0\\<div\u00a0class=\"container\">\n\u00a0\u00a0\u00a0\u00a0\u00a0\u00a0\u00a0\u00a0\\<h1>Oops!\u00a0An\u00a0Error\u00a0Occurred\\</h1>\n\u00a0\u00a0\u00a0\u00a0\u00a0\u00a0\u00a0\u00a0\\<h2>The\u00a0server\u00a0returned\u00a0a\u00a0\"404\u00a0Not\u00a0Found\".\\</h2>\n\n<br>\n\u00a0\u00a0\u00a0\u00a0\u00a0\u00a0\u00a0\u00a0\\<p>\n\u00a0\u00a0\u00a0\u00a0\u00a0\u00a0\u00a0\u00a0\u00a0\u00a0\u00a0\u00a0Something\u00a0is\u00a0broken.\u00a0Please\u00a0let\u00a0us\u00a0know\u00a0what\u00a0you\u00a0were\u00a0doing\u00a0when\u00a0this\u00a0error\u00a0occurred.\n\u00a0\u00a0\u00a0\u00a0\u00a0\u00a0\u00a0\u00a0\u00a0\u00a0\u00a0\u00a0We\u00a0will\u00a0fix\u00a0it\u00a0as\u00a0soon\u00a0as\u00a0possible.\u00a0Sorry\u00a0for\u00a0any\u00a0inconvenience\u00a0caused.\n\u00a0\u00a0\u00a0\u00a0\u00a0\u00a0\u00a0\u00a0\\</p>\n\u00a0\u00a0\u00a0\u00a0\\</div>\n\\</body>\n\n<br>\n\\</html>","data":"**id** : 63f8d6662ff9c7ad6e0aa204","steps":[]}],"tags":[],"params":[]},{"id":26,"title":"GET/me Status 200 OK","description":"returns the Account resource that matches the Bearer token that sent the request","preconditions":"1. copy request URL from API documentation on https://docs.mail.tm/\n2. add to headers **Authorization : Bearer \\<token>**","postconditions":null,"priority":"high","severity":"major","type":"smoke","behavior":"undefined","automation":"is-not-automated","status":"actual","is_flaky":"no","layer":"api","milestone":null,"custom_fields":[],"steps_type":"classic","steps":[{"position":1,"action":"GET/ me","expected_result":"**Status 200 OK.** Response (example):\n{\n \"@context\": \"/contexts/Account\",\n \"@id\": \"/accounts/63f8d6662ff9c7ad6e0aa204\",\n \"@type\": \"Account\",\n \"id\": \"63f8d6662ff9c7ad6e0aa204\",\n \"address\": \"helga876a@eurokool.com\",\n \"quota\": 40000000,\n \"used\": 1729,\n \"isDisabled\": false,\n \"isDeleted\": false,\n \"createdAt\": \"2023-02-24T15:23:18+00:00\",\n \"updatedAt\": \"2023-02-24T15:23:18+00:00\"\n}","data":"","steps":[]}],"tags":[],"params":[]},{"id":27,"title":"GET/ me Status 401 Unauthorized","description":"impossible to return the Account resource that matches the Bearer token that sent the request with incorrect Authorization type","preconditions":"copy request URL from API documentation on https://docs.mail.tm/","postconditions":null,"priority":"high","severity":"major","type":"smoke","behavior":"undefined","automation":"is-not-automated","status":"actual","is_flaky":"no","layer":"api","milestone":null,"custom_fields":[],"steps_type":"classic","steps":[{"position":1,"action":"GET/ me","expected_result":"**Status 401 Unauthorized.** Response (example).\n{\n\u00a0\u00a0\u00a0\u00a0\"code\":\u00a0401,\n\u00a0\u00a0\u00a0\u00a0\"message\":\u00a0\"JWT\u00a0Token\u00a0not\u00a0found\"\n}","data":"","steps":[]}],"tags":[],"params":[]},{"id":28,"title":"GET/ messages Status 200 OK","description":"possible to get all the Message resources of a given page","preconditions":"1. copy request URL from API documentation on https://docs.mail.tm/\n2. add to headers **Authorization : Bearer \\<token>**","postconditions":null,"priority":"high","severity":"major","type":"smoke","behavior":"undefined","automation":"is-not-automated","status":"actual","is_flaky":"no","layer":"api","milestone":null,"custom_fields":[],"steps_type":"classic","steps":[{"position":1,"action":"GET/ messages","expected_result":"","data":"","steps":[]},{"position":2,"action":"Add test data as request parameters. Request params can be changed.","expected_result":"**Status 200 OK.** Response (example):\n{\n\u00a0\u00a0\u00a0\u00a0\"@context\":\u00a0\"/contexts/Message\",\n\u00a0\u00a0\u00a0\u00a0\"@id\":\u00a0\"/messages\",\n\u00a0\u00a0\u00a0\u00a0\"@type\":\u00a0\"hydra:Collection\",\n\u00a0\u00a0\u00a0\u00a0\"hydra:member\":\u00a0[\n\u00a0\u00a0\u00a0\u00a0\u00a0\u00a0\u00a0\u00a0{\n\u00a0\u00a0\u00a0\u00a0\u00a0\u00a0\u00a0\u00a0\u00a0\u00a0\u00a0\u00a0\"@id\":\u00a0\"/messages/6408fd654a3eda937c3059ac\",\n\u00a0\u00a0\u00a0\u00a0\u00a0\u00a0\u00a0\u00a0\u00a0\u00a0\u00a0\u00a0\"@type\":\u00a0\"Message\",\n\u00a0\u00a0\u00a0\u00a0\u00a0\u00a0\u00a0\u00a0\u00a0\u00a0\u00a0\u00a0\"id\":\u00a0\"6408fd654a3eda937c3059ac\",\n\u00a0\u00a0\u00a0\u00a0\u00a0\u00a0\u00a0\u00a0\u00a0\u00a0\u00a0\u00a0\"accountId\":\u00a0\"/accounts/63f8d6662ff9c7ad6e0aa204\",\n\u00a0\u00a0\u00a0\u00a0\u00a0\u00a0\u00a0\u00a0\u00a0\u00a0\u00a0\u00a0\"msgid\":\u00a0\"<240621678310717@mail.yandex.by>\",\n\u00a0\u00a0\u00a0\u00a0\u00a0\u00a0\u00a0\u00a0\u00a0\u00a0\u00a0\u00a0\"from\":\u00a0{\n\u00a0\u00a0\u00a0\u00a0\u00a0\u00a0\u00a0\u00a0\u00a0\u00a0\u00a0\u00a0\u00a0\u00a0\u00a0\u00a0\"address\":\u00a0\"ollga888@tut.by\",\n\u00a0\u00a0\u00a0\u00a0\u00a0\u00a0\u00a0\u00a0\u00a0\u00a0\u00a0\u00a0\u00a0\u00a0\u00a0\u00a0\"name\":\u00a0\"\"\n\u00a0\u00a0\u00a0\u00a0\u00a0\u00a0\u00a0\u00a0\u00a0\u00a0\u00a0\u00a0},\n\u00a0\u00a0\u00a0\u00a0\u00a0\u00a0\u00a0\u00a0\u00a0\u00a0\u00a0\u00a0\"to\":\u00a0[\n\u00a0\u00a0\u00a0\u00a0\u00a0\u00a0\u00a0\u00a0\u00a0\u00a0\u00a0\u00a0\u00a0\u00a0\u00a0\u00a0{\n\u00a0\u00a0\u00a0\u00a0\u00a0\u00a0\u00a0\u00a0\u00a0\u00a0\u00a0\u00a0\u00a0\u00a0\u00a0\u00a0\u00a0\u00a0\u00a0\u00a0\"address\":\u00a0\"helga876a@eurokool.com\",\n\u00a0\u00a0\u00a0\u00a0\u00a0\u00a0\u00a0\u00a0\u00a0\u00a0\u00a0\u00a0\u00a0\u00a0\u00a0\u00a0\u00a0\u00a0\u00a0\u00a0\"name\":\u00a0\"\"\n\u00a0\u00a0\u00a0\u00a0\u00a0\u00a0\u00a0\u00a0\u00a0\u00a0\u00a0\u00a0\u00a0\u00a0\u00a0\u00a0}\n\u00a0\u00a0\u00a0\u00a0\u00a0\u00a0\u00a0\u00a0\u00a0\u00a0\u00a0\u00a0],\n\u00a0\u00a0\u00a0\u00a0\u00a0\u00a0\u00a0\u00a0\u00a0\u00a0\u00a0\u00a0\"subject\":\u00a0\"La-la-la\",\n\u00a0\u00a0\u00a0\u00a0\u00a0\u00a0\u00a0\u00a0\u00a0\u00a0\u00a0\u00a0\"intro\":\u00a0\"Hi!\u00a0How\u00a0was\u00a0your\u00a0weekend?\u00a0Let's\u00a0meet\u00a0and\u00a0you'll\u00a0tell\u00a0me\u00a0about\u00a0it.\u00a0Miss\u00a0you,\u00a0Mark.\",\n\u00a0\u00a0\u00a0\u00a0\u00a0\u00a0\u00a0\u00a0\u00a0\u00a0\u00a0\u00a0\"seen\":\u00a0true,\n\u00a0\u00a0\u00a0\u00a0\u00a0\u00a0\u00a0\u00a0\u00a0\u00a0\u00a0\u00a0\"isDeleted\":\u00a0false,\n\u00a0\u00a0\u00a0\u00a0\u00a0\u00a0\u00a0\u00a0\u00a0\u00a0\u00a0\u00a0\"hasAttachments\":\u00a0false,\n\u00a0\u00a0\u00a0\u00a0\u00a0\u00a0\u00a0\u00a0\u00a0\u00a0\u00a0\u00a0\"size\":\u00a01494,\n\u00a0\u00a0\u00a0\u00a0\u00a0\u00a0\u00a0\u00a0\u00a0\u00a0\u00a0\u00a0\"downloadUrl\":\u00a0\"/messages/6408fd654a3eda937c3059ac/download\",\n\u00a0\u00a0\u00a0\u00a0\u00a0\u00a0\u00a0\u00a0\u00a0\u00a0\u00a0\u00a0\"createdAt\":\u00a0\"2023-03-08T21:25:56+00:00\",\n\u00a0\u00a0\u00a0\u00a0\u00a0\u00a0\u00a0\u00a0\u00a0\u00a0\u00a0\u00a0\"updatedAt\":\u00a0\"2023-03-08T21:57:27+00:00\"\n\u00a0\u00a0\u00a0\u00a0\u00a0\u00a0\u00a0\u00a0}\n\u00a0\u00a0\u00a0\u00a0],\n\u00a0\u00a0\u00a0\u00a0\"hydra:totalItems\":\u00a01\n}","data":"**page : 1**","steps":[]}],"tags":[],"params":[]},{"id":29,"title":"GET/ messages Status 400 Bad Request","description":"impossible to get Message resources of a page with too\u00a0large parameter","preconditions":"1. copy request URL from API documentation on https://docs.mail.tm/\n2. add to headers **Authorization : Bearer \\<token>**","postconditions":null,"priority":"undefined","severity":"normal","type":"regression","behavior":"undefined","automation":"is-not-automated","status":"actual","is_flaky":"no","layer":"api","milestone":null,"custom_fields":[],"steps_type":"classic","steps":[{"position":1,"action":"GET/ messages","expected_result":"","data":"","steps":[]},{"position":2,"action":"Add test data as request parameters. Request params can be changed.","expected_result":"**Status 400 Bad Request**. Response (example):\n{\n\u00a0\u00a0\u00a0\u00a0\"@context\":\u00a0\"/contexts/Error\",\n\u00a0\u00a0\u00a0\u00a0\"@type\":\u00a0\"hydra:Error\",\n\u00a0\u00a0\u00a0\u00a0\"hydra:title\":\u00a0\"An\u00a0error\u00a0occurred\",\n\u00a0\u00a0\u00a0\u00a0\"hydra:description\":\u00a0\"Page\u00a0parameter\u00a0is\u00a0too\u00a0large.\"\n}","data":"**page : 454545454545487623654**","steps":[]}],"tags":[],"params":[]},{"id":30,"title":"GET/ messages/{id} Status 200 OK","description":"retrieve a Message resource with a specific id","preconditions":"1. copy request URL from API documentation on https://docs.mail.tm/\n2. add to headers **Authorization : Bearer \\<token>**","postconditions":null,"priority":"high","severity":"major","type":"smoke","behavior":"undefined","automation":"is-not-automated","status":"actual","is_flaky":"no","layer":"api","milestone":null,"custom_fields":[],"steps_type":"classic","steps":[{"position":1,"action":"GET/messages/:id","expected_result":"","data":"","steps":[]},{"position":2,"action":"Add test data as request parameters. Request params can be changed.","expected_result":"**Status 200 OK.** Response (example):\n{\n \"@context\": \"/contexts/Message\",\n \"@id\": \"/messages/64066ba2202bb73bbce30d6d\",\n \"@type\": \"Message\",\n \"id\": \"64066ba2202bb73bbce30d6d\",\n \"accountId\": \"/accounts/63f8d6662ff9c7ad6e0aa204\",\n \"msgid\": \"<4021678142285@mail.yandex.by>\",\n \"from\": {\n \"address\": \"ollga888@tut.by\",\n \"name\": \"\"\n },\n \"to\": [\n {\n \"address\": \"helga876a@eurokool.com\",\n \"name\": \"\"\n }\n ],\n \"cc\": [],\n \"bcc\": [],\n \"subject\": \"New files\",\n \"seen\": true,\n \"flagged\": false,\n \"isDeleted\": false,\n \"verifications\": [],\n \"retention\": true,\n \"retentionDate\": \"2023-03-13T22:39:30+00:00\",\n \"text\": \"Hi!\\nHappy to inform that CEO is coming next week on Wednesday.\\nRegards,\\nMister X.\",\n \"html\": [\n \"\\<div>Hi!\\<br />Happy to inform that CEO is coming next week on Wednesday.\\<br />Regards,\\<br />Mister X.\\</div>\"\n ],\n \"hasAttachments\": false,\n \"attachments\": [],\n \"size\": 1729,\n \"downloadUrl\": \"/messages/64066ba2202bb73bbce30d6d/download\",\n \"createdAt\": \"2023-03-06T22:39:29+00:00\",\n \"updatedAt\": \"2023-03-06T22:44:20+00:00\"\n}","data":"**id** : 64066ba2202bb73bbce30d6d","steps":[]}],"tags":[],"params":[]},{"id":31,"title":"GET/messages/{id} Status 400 Not Found","description":"impossible to retrieve a Message resource with a deleted id","preconditions":"1. copy request URL from API documentation on https://docs.mail.tm/\n2. add to headers **Authorization : Bearer \\<token>**","postconditions":null,"priority":"medium","severity":"normal","type":"regression","behavior":"undefined","automation":"is-not-automated","status":"actual","is_flaky":"no","layer":"api","milestone":null,"custom_fields":[],"steps_type":"classic","steps":[{"position":1,"action":"GET/messages/:id","expected_result":"","data":"","steps":[]},{"position":2,"action":"Add test data as request parameters. Request params can be changed.","expected_result":"**Status 404 Not Found.** Response (example):\n{\n\u00a0\u00a0\u00a0\u00a0\"@context\":\u00a0\"/contexts/Error\",\n\u00a0\u00a0\u00a0\u00a0\"@type\":\u00a0\"hydra:Error\",\n\u00a0\u00a0\u00a0\u00a0\"hydra:title\":\u00a0\"An\u00a0error\u00a0occurred\",\n\u00a0\u00a0\u00a0\u00a0\"hydra:description\":\u00a0\"Not\u00a0Found\"\n}","data":"**id** : 6409d6bc7a25a7a1886ceea1","steps":[]}],"tags":[],"params":[]},{"id":32,"title":"DELETE /messages/{id} Status 204 No Content","description":"possible to delete the Message resource","preconditions":"1. copy request URL from API documentation on https://docs.mail.tm/\n2. add to headers **Authorization : Bearer \\<token>**","postconditions":null,"priority":"high","severity":"major","type":"smoke","behavior":"undefined","automation":"is-not-automated","status":"actual","is_flaky":"no","layer":"api","milestone":null,"custom_fields":[],"steps_type":"classic","steps":[{"position":1,"action":"DELETE /messages/:id","expected_result":"","data":"","steps":[]},{"position":2,"action":"Add test data as request parameters. Request params can be changed.","expected_result":"Status 204 No Content.","data":"**id** : 6409d6bc7a25a7a1886ceea1","steps":[]}],"tags":[],"params":[]},{"id":33,"title":"DELETE/ messages/{id} Status 404 Not Found","description":"impossible to delete unexisted message","preconditions":"1. copy request URL from API documentation on https://docs.mail.tm/\n2. add to headers **Authorization : Bearer \\<token>**","postconditions":null,"priority":"medium","severity":"normal","type":"regression","behavior":"undefined","automation":"is-not-automated","status":"actual","is_flaky":"no","layer":"api","milestone":null,"custom_fields":[],"steps_type":"classic","steps":[{"position":1,"action":"DELETE/ messages/:id","expected_result":"","data":"","steps":[]},{"position":2,"action":"Add test data as request parameters. Request params can be changed.","expected_result":"Status 404 Not Found. Response (example):\n{\n\u00a0\u00a0\u00a0\u00a0\"@context\":\u00a0\"/contexts/Error\",\n\u00a0\u00a0\u00a0\u00a0\"@type\":\u00a0\"hydra:Error\",\n\u00a0\u00a0\u00a0\u00a0\"hydra:title\":\u00a0\"An\u00a0error\u00a0occurred\",\n\u00a0\u00a0\u00a0\u00a0\"hydra:description\":\u00a0\"Not\u00a0Found\"\n}","data":"**id** : **63f8e696ae5a7169c89dec61**","steps":[]}],"tags":[],"params":[]},{"id":34,"title":"GET /sources/{id} Status 200 OK","description":"possible to get a Message's Source resource","preconditions":"1. copy request URL from API documentation on https://docs.mail.tm/\n2. add to headers **Authorization : Bearer \\<token>**","postconditions":null,"priority":"high","severity":"major","type":"smoke","behavior":"undefined","automation":"is-not-automated","status":"actual","is_flaky":"no","layer":"api","milestone":null,"custom_fields":[],"steps_type":"classic","steps":[{"position":1,"action":"GET /sources/:id","expected_result":"","data":"","steps":[]},{"position":2,"action":"Add test data as request parameters. Request params can be changed.","expected_result":"**Status 200 OK.** Response (example):\n{\n \"@context\": \"/contexts/Source\",\n \"@id\": \"/sources/6408fd654a3eda937c3059ac\",\n \"@type\": \"Source\",\n \"id\": \"6408fd654a3eda937c3059ac\",\n \"downloadUrl\": \"/messages/6408fd654a3eda937c3059ac/download\",\n \"data\": \"Delivered-To: helga876a@eurokool.com\\r\\nReturn-Path: \\<ollga888@tut.by>\\r\\nReceived: from forward108j.mail.yandex.net (forward108j.mail.yandex.net [2a02:6b8:0:801:2::253])\\r\\n\\tby in.mail.tm (Haraka/2.8.28) with ESMTPS id 0B5633D2-CA6A-4613-9886-E59939760F42.1\\r\\n\\tenvelope-from \\<ollga888@tut.by>\\r\\n\\ttls TLS_ECDHE_RSA_WITH_AES_256_GCM_SHA384;\\r\\n\\tWed, 08 Mar 2023 21:25:57 +0000\\r\\nReceived: from myt6-e898772bf236.qloud-c.yandex.net (myt6-e898772bf236.qloud-c.yandex.net [IPv6:2a02:6b8:c12:212b:0:640:e898:772b])\\r\\n\\tby forward108j.mail.yandex.net (Yandex) with ESMTP id 0B7DF3F20F29\\r\\n\\tfor \\<helga876a@eurokool.com>; Thu, 9 Mar 2023 00:25:57 +0300 (MSK)\\r\\nReceived: from mail.yandex.by (2a02:6b8:c12:1124:0:640:f18f:0 [2a02:6b8:c12:1124:0:640:f18f:0])\\r\\n\\tby myt6-e898772bf236.qloud-c.yandex.net (mxback/Yandex) with HTTP id fPki801ZlGk1-Z8Vaupu7;\\r\\n\\tThu, 09 Mar 2023 00:25:56 +0300\\r\\nX-Yandex-Fwd: 1\\r\\nReceived: by cqfxmjbu3o7k6zup.myt.yp-c.yandex.net with HTTP;\\r\\n\\tThu, 09 Mar 2023 00:25:56 +0300\\r\\nFrom: ollga888@tut.by\\r\\nTo: \\\\\"helga876a@eurokool.com\\\\\" \\<helga876a@eurokool.com>\\r\\nSubject: La-la-la\\r\\nMIME-Version: 1.0\\r\\nX-Mailer: Yamail [ http://yandex.ru ] 5.0\\r\\nDate: Thu, 09 Mar 2023 00:25:56 +0300\\r\\nMessage-Id: <240621678310717@mail.yandex.by>\\r\\nContent-Transfer-Encoding: 7bit\\r\\nContent-Type: text/html\\r\\nOriginal-Authentication-Results: myt6-e898772bf236.qloud-c.yandex.net; dkim=pass\\r\\n\\r\\n\\r\\n\\<div>\\<div>Hi!\\<br />How was your weekend?\\<br />Let's meet and you'll tell me about it.\\<br />\\<br />Miss you,\\<br />Mark.\\</div>\\</div>\\r\\n\"\n}","data":"**id : 6408fd654a3eda937c3059ac**","steps":[]}],"tags":[],"params":[]},{"id":35,"title":"PATCH /messages/{id} Status 200 OK","description":"possible to mark a Message resource as read","preconditions":"1. copy request URL from API documentation on https://docs.mail.tm/\n2. add to headers **Authorization : Bearer \\<token>**","postconditions":null,"priority":"high","severity":"major","type":"smoke","behavior":"undefined","automation":"is-not-automated","status":"actual","is_flaky":"no","layer":"api","milestone":null,"custom_fields":[],"steps_type":"classic","steps":[{"position":1,"action":"PATCH /messages/:id","expected_result":"","data":"","steps":[]},{"position":2,"action":"Add test data as request parameters. Request params can be changed.","expected_result":"**Status 200 OK.** Response (example):\n{\n\u00a0\u00a0\u00a0\u00a0\"@context\":\u00a0\"/contexts/Message\",\n\u00a0\u00a0\u00a0\u00a0\"@id\":\u00a0\"/messages/6408fd654a3eda937c3059ac\",\n\u00a0\u00a0\u00a0\u00a0\"@type\":\u00a0\"Message\",\n\u00a0\u00a0\u00a0\u00a0\"seen\":\u00a0true\n}","data":"**id : 6408fd654a3eda937c3059ac**","steps":[]}],"tags":[],"params":[]}]}]}