{"suites":[{"id":3,"title":"Emails","description":"sending emails to temporary email addresses","preconditions":"open https://mail.tm/en/","suites":[],"cases":[{"id":9,"title":"sending email with text","description":"possible to send an email with text to a temporary mailbox","preconditions":"1. Login on https://mail.tm/en/ (automatically or create a new account manually)\n2. Copy the email address and password","postconditions":null,"priority":"high","severity":"major","type":"smoke","behavior":"undefined","automation":"is-not-automated","status":"actual","is_flaky":"no","layer":"e2e","milestone":null,"custom_fields":[],"steps_type":"classic","steps":[{"position":1,"action":"send an email with any text from outer test email to temp email fom pre-conditions. (use test data)","expected_result":"email is displayed under the name of your mailbox on Mail.tm. See example in the Attachments.","data":"**temporary email**: email from test pre conditions 2\n**text example**: 'Hi! Hope to see you soon. Love, Molly'.","steps":[]},{"position":2,"action":"open the received email by clicking on it","expected_result":"the text of the letter is shown. See the example in Attachment.","data":"","steps":[]}],"tags":[],"params":[]},{"id":10,"title":"sending email with attached files","description":"Possible to send an email with an attached file of different formate","preconditions":"login on https://mail.tm/en/ (automatically or create a new account)","postconditions":null,"priority":"high","severity":"normal","type":"smoke","behavior":"undefined","automation":"is-not-automated","status":"actual","is_flaky":"no","layer":"e2e","milestone":null,"custom_fields":[],"steps_type":"classic","steps":[{"position":1,"action":"send an email from any outer test email with attached files with extension from Parameters to the temporary email address from test pre-conditions (use test data).","expected_result":"the letter is displayed under the name of your mailbox","data":"extension: 'Attached file type' from parameters\nfor attached files use Attachments above","steps":[]},{"position":2,"action":"open recieved mail and click on the attached file","expected_result":"the attached file is downloaded to the folder 'Downloads'","data":"","steps":[]},{"position":3,"action":"go to 'Downloads' folder and open the file","expected_result":"file opens successfully","data":"","steps":[]}],"tags":[],"params":[{"title":"Attached file type","values":[".txt",".pdf","mp3",".MOV",".rar"]}]},{"id":11,"title":"saving received emails","description":"Possible to save received emails","preconditions":"1. login on https://mail.tm/en/ (automatically or create a new account)\n2. copy a temporary email address from test pre-conditions 1","postconditions":null,"priority":"high","severity":"major","type":"smoke","behavior":"undefined","automation":"is-not-automated","status":"actual","is_flaky":"no","layer":"e2e","milestone":null,"custom_fields":[],"steps_type":"classic","steps":[{"position":1,"action":"send an email from outer test email with any text in it to an email address from test pre-conditions 2. (see test data)","expected_result":"Letter appears under the name of mailbox in the right upper corner","data":"**Text example:** 'Hi! Hope to see you soon. Love, Molly.'","steps":[]},{"position":2,"action":"open a received email in a temporary mailbox from pre-conditions 1 on it","expected_result":"the text of the email is displayed. 'Download' button is displayed on the right side above the letter. See the Attachment.","data":"","steps":[]},{"position":3,"action":"click on 'Download' button","expected_result":"email is downloaded to 'Download' folder with .eml extension. See the Attachment.","data":"","steps":[]},{"position":4,"action":"open 'Download' folder and open the saved file.","expected_result":"email with the text is displayed. See the Attachment.","data":"","steps":[]}],"tags":[],"params":[]},{"id":12,"title":"delete email","description":"possible to delete any email","preconditions":"1.\u00a0\u00a0\u00a0\u00a0 login on https://mail.tm/en/ (automatically or create a new account)\n2.\u00a0\u00a0\u00a0\u00a0 copy a temporary email address from pre-conditions 1","postconditions":null,"priority":"medium","severity":"normal","type":"smoke","behavior":"undefined","automation":"is-not-automated","status":"actual","is_flaky":"no","layer":"e2e","milestone":null,"custom_fields":[],"steps_type":"classic","steps":[{"position":1,"action":"send an email with a text in it from outer test mailboxe(s) to a copied email address from test pre-conditions 2.","expected_result":"An email is displayed below the name of a mailbox","data":"","steps":[]},{"position":2,"action":"open an email in a temporary mailbox from pre-conditions 1 which should be deleted","expected_result":"email with all information in it is displayed.","data":"","steps":[]},{"position":3,"action":"click 'Delete' button","expected_result":"email is deleted from the list of letters below your mailbox name. See Attachment as an example.","data":"","steps":[]}],"tags":[],"params":[]},{"id":17,"title":"receiving confirmation emails","description":"possible to deliver confirmation emails to temporary mailboxes","preconditions":"1. copy automatically generated email\n2. register at https://dpdsso.dpd.com.pl/register?redirect\\_uri=https:%2F%2Fkonto.nadaj.dpd.com.pl%2FdpdConnect&client\\_id=Salesbar2.0 with the help of a copied email from pre-conditions 1","postconditions":null,"priority":"high","severity":"major","type":"smoke","behavior":"undefined","automation":"is-not-automated","status":"actual","is_flaky":"no","layer":"e2e","milestone":null,"custom_fields":[],"steps_type":"classic","steps":[{"position":1,"action":"open temporary email box from test pre-conditions","expected_result":"confirmation letter is below your mailbox name. See the Attachments.","data":"","steps":[]},{"position":2,"action":"open confirmation letter by clicking on it","expected_result":"letter opens and the button 'Aktywuj konto' is displayed. See the Attachments.","data":"","steps":[]},{"position":3,"action":"Click on the button 'Aktywuj konto'","expected_result":"Redirection to the DPD service","data":"","steps":[]}],"tags":[],"params":[]}]}]}